project,category,recent_total,recent_md,recent_json,newest_time,evidence
_bmad,流程模板与方法学资产,716,714,2,2026-02-06 15:50:35,cis/workflows/innovation-strategy/README.md; tea/workflows/testarch/README.md; tea/workflows/testarch/trace/validation-report-20260127-095021.md
denny-all-in-one,开发环境与技能体系,96,83,13,2026-02-21 22:33:29,README.md; dot_claude/skills/anthropics-skills/README.md; docs/plans/2026-02-21-backup-restore-implementation.md
elasticsearch,上游基线仓库,3714,2341,1373,2026-01-23 21:47:38,docs/reference/query-languages/esql/README.md; docs/README.md; docs/ram-e2e-validation.md
elasticsearch-java,上游SDK基线,112,96,16,2026-01-22 18:06:40,docs/design/Readme.md; rest5-client/README.md; docs/reference/usage/indexing-bulk.md
es-8.17-plugins,历史技术基线,1412,179,1233,2026-01-26 17:15:22,docs/reference/esql/functions/README.md; libs/entitlement/agent/README.md; docs/src/yamlRestTest/resources/normalized-T1117-AtomicRed-regsvr32.json
es-9.2.4-plugins,核心技术基线,3536,2201,1335,2026-02-06 11:16:14,docs/reference/query-languages/esql/README.md; docs/README.md; docs/reference/search-connectors/es-connectors-sharepoint.md
es-9.2.4-plugins-real-time,核心技术分支: 实时检索,3538,2204,1334,2026-02-07 11:44:43,docs/reference/query-languages/esql/README.md; docs/README.md; docs/plans/2026-02-06-lance-p1-p2-query-nrt.md
es-9.2.4-plugins-rt-scale,核心技术分支: 向量检索规模化,3551,2217,1334,2026-02-10 14:18:01,docs/reference/query-languages/esql/README.md; docs/README.md; docs/plans/2026-02-10-opus-review-fixes-plan.md
es-9.2.4-plugins-scale,核心技术分支: 规模化能力,3532,2198,1334,2026-02-07 11:47:44,docs/reference/query-languages/esql/README.md; docs/README.md; docs/plans/2026-02-06-p3-shard-consistency-design.md
es-aiops,旗舰候选: 智能诊断产品化,15,9,6,2026-02-23 09:06:42,README.md; docs/plans/2026-02-22-es-aiops-bff-benchmark-implementation.md; docs/plans/2026-02-21-es-aiops-agent-implementation.md
es-lance-claude,上游/镜像探索仓,3712,2347,1365,2026-01-21 13:44:10,docs/reference/query-languages/esql/README.md; docs/README.md; docs/reference/search-connectors/es-connectors-sharepoint.md
es-lance-claude-glm,上游/镜像探索仓,3717,2352,1365,2026-01-26 10:53:52,docs/reference/query-languages/esql/README.md; docs/README.md; docs/reference/search-connectors/es-connectors-sharepoint.md
es-lance-demo,产品演示与前台体验,35,25,10,2026-02-15 14:05:31,.worktrees/demo-ui-nt-scale-plan/README.md; README.md; .worktrees/demo-ui-nt-scale-plan/reg_validation_guide.md
es-lance-iam-demo,产品演示与权限链路,21,20,1,2026-02-15 14:05:14,.worktree/es-lance-rt-scale-iam-demo/reg_validation_guide.md; .worktree/es-lance-rt-scale-iam-demo/task_plan.md; .worktree/es-lance-rt-scale-iam-demo/AGENT.md
es-lance-in-oss-demo,产品演示与开源落地,21,12,9,2026-01-31 16:54:03,scripts/ralph/README.md; scripts/ralph/flowchart/README.md; reg_validation_guide.md
es-pdsa,旗舰候选: 业务雷达与机会挖掘,50,29,21,2026-02-25 12:12:41,openclaw-workspace/radar/README.md; docs/agents/LESSONS_LEARNED.md; openclaw-workspace/radar/reports/es-industry-radar-latest.json
kibana,上游基线仓库,8060,2119,5941,2026-01-28 16:23:49,x-pack/platform/plugins/shared/dashboard_agent/README.md; x-pack/platform/plugins/shared/ai_infra/product_doc_base/README.md; docs/settings-gen/readme.md
kibana-9.2.4,上游版本基线,8872,2004,6868,2026-02-13 23:00:47,x-pack/platform/plugins/shared/ai_infra/product_doc_base/README.md; x-pack/platform/packages/shared/kbn-inference-prompt-utils/README.md; docs/plans/2026-02-13-aliyun-auth-abstraction-refactor.md
kibana-iam,上游IAM分支基线,8043,2101,5942,2026-01-26 07:54:43,x-pack/platform/plugins/shared/dashboard_agent/README.md; x-pack/platform/plugins/shared/agent_builder_platform/README.md; docs/settings-gen/readme.md
ldap-demo,集成验证: 身份与SSO,22,21,1,2026-02-10 13:59:49,README.md; idaas-ldap-connector/README.md; docs/plans/2026-02-06-idaas-sso-implementation.md
ldap-demo-val,集成验证: LDAP校验,3,3,0,2026-02-06 21:51:09,idaas-ldap-connector/README.md; README.md; docs/ALIYUN_IDAAS_GUIDE.md
oauth-for-playwright,工具链: OAuth自动化验证,14,12,2,2026-02-23 12:50:40,bot_review_snapshot/README.md; README.md; docs/validation.md
openclaw,Agent运行时与工具平台,511,432,79,2026-02-05 22:08:48,docs/gateway/remote-gateway-readme.md; docs/.i18n/README.md; docs/tools/agent-send.md
pai_mem0_finetune_lab,Agent记忆训练与评测实验,81,46,35,2026-02-23 13:01:40,README.md; outputs/test_cpt/README.md; docs/plans/2026-02-10-milestone-doc-unification.md
ralph,Prompt/flow方法探索,12,7,5,2026-01-23 14:29:49,README.md; flowchart/README.md; AGENTS.md
search_benchmark_harness,备选重点: 基准评测与采购决策,83,33,50,2026-02-23 09:35:49,README.md; docs/plans/2026-02-12-benchmark-harness-plan.md; docs/plans/2026-02-12-benchmark-harness-design.md
tests-beads-superpower,策略草案与思考材料,3,3,0,2026-02-02 15:06:08,future_plan_refined_zh.md; natively_enhanced_es_autodrive_strategy_1_2y_zh.md; beads-superpower-combine.md
vlm-vla,VLM/VLA研究探索,8,6,2,2026-02-24 22:15:37,README.md; docs/plans/2025-02-22-vla-implementation-plan.md; docs/plans/2025-02-22-vla-training-design.md
winter-note,个人生产力/跨端Agent实践,21,11,10,2026-02-25 12:48:12,denny-agents/README.md; docs/agents/LESSONS_LEARNED.md; docs/plans/2026-02-24-cross-device-note-agent-design.md
